username,bio,following_count,followers_count,location,website
"GTN UK
@GTNUK1","Providing Entertainment & Travel to Commercial Radio. Reaching 28.9M weekly listeners. Winners of The Arqiva National Sales Team of the Year 2010, 2011 & 2016",463,126,"London, England",gtn.uk.com/index.php
"WhatsApp
@WhatsApp","Happy #PrideMonth 
With WhatsApp Channels stay in the loop on the topics you care about. Out now in Colombia  and Singapore  Coming soon ",2,4.9M,California,bit.ly/3WWWWXn
"A & A Customs Broker
@aacb_CBPTrade","Customs Broker",125,31,"Florida, USA",N/A
"A&A Customs Brokers
@aacbdotcom","A & A Freight | Warehousing | Customs Brokerage | Helping people ship across borders.","4,072",665,Worldwide,aacb.com
"A&A Window Products
@AAWindowPRODUCT","A commercial glass and glazing company serving the window industry in New England since 1954. #SafetyQualityService",90,76,"Malden, MA",aawindowproducts.com
"A & B Kia
@AandB_Kia","A&B Kia is a Kia dealer in Benwood, WV. Stay connected to exceed expectations. Build strong relationships. Drive the best with us.",345,296,"Benwood, West Virginia ",aandbautosales.com
"A&B Home
@ABHomeInc","Industry leader in wholesale home decor, furniture, and garden, since 1993.",184,360,"Rancho Cucamonga, CA",abhomeinc.com
"A & B Reprographics
@Abrepro","From large format black & white prints to the most sophisticated of digital color printing jobs, A & B can get the job done right.",125,137,"Bentonville, AR",abrepro.com
N/A,N/A,N/A,N/A,N/A,N/A
"A & C CHRISTOFI LTD
@ACChristofiLtd","A & C CHRISTOFI LTD is a fast growing professional services company based in Limassol, Cyprus. Our main Concern is your Business.",282,88,Cyprus,acccyp.com
"A&E Clothing
@aeclothing1","Used Clothing Distributor",0,15,Carteret,aeclothing.net
N/A,N/A,N/A,N/A,N/A,N/A
"A & E Technologies
@AETechnologies1",N/A,1,37,"Boulder, CO USA",ae-technologies.com
"Wix
@Wix","Create, manage and grow your business online with Wix. It’s more than just a website builder, it’s how your vision comes to life. For support: 
@WixHelp
.","3,723",417.6K,"We're everywhere!",wix.com
"A & G Insurance LLC
@AGInsuranceLLC","A & G Insurance prides itself on being your local, full service, Independent Insurance Agency.",260,40,Connecticut,aginsuranceinc.com
